Year,foreign_workers,foreign_students,unemployment_total,cpi_general,gdp_growth_pct,labor_force,foreign_worker_pct,lag_foreign_worker_pct,delta_unemployment,delta_foreign_students,delta_foreign_workers
2016.0,624768.0,56042,460.0,95.86,2.17,11727000.0,5.327602967510872,5.051898951709916,20.0,5446.0,36828.0
2017.0,676142.0,60772,443.0,96.45,3.66,11795000.0,5.732445951674438,5.327602967510872,-17.0,4730.0,51374.0
2018.0,706850.0,67212,440.0,97.76,2.91,11874000.0,5.9529223513559035,5.732445951674438,-3.0,6440.0,30708.0
2019.0,718058.0,69296,446.0,98.3,3.06,11946000.0,6.010865561694291,5.9529223513559035,6.0,2084.0,11208.0
2020.0,709123.0,64862,460.0,98.07,3.42,11964000.0,5.927139752591107,6.010865561694291,14.0,-4434.0,-8935.0
2021.0,669992.0,70573,471.0,100.0,6.72,11919000.0,5.621209833039685,5.927139752591107,11.0,5711.0,-39131.0
2022.0,728081.0,73017,434.0,102.95,2.68,11853000.0,6.142588374251244,5.621209833039685,-37.0,2444.0,58089.0
2023.0,753430.0,73399,415.0,105.51,1.12,11943000.0,6.308548940802143,6.142588374251244,-19.0,382.0,25349.0
